[
    {
        "_id": {
            "$oid": "64b0f1d0b1a5c3a1d0c0ac01"
        },
        "userId": {
            "$oid": "64b0f1d0b1a5c3a1d0c0aa01"
        },
        "gameId": {
            "$oid": "64b0f1d0b1a5c3a1d0c0ab01"
        },
        "color": "white",
        "capturedPieces": [
            "p",
            "n"
        ],
        "clock": 600,
        "lastMoveAt": {
            "$date": "2024-05-05T18:14:00Z"
        }
    },
    {
        "_id": {
            "$oid": "64b0f1d0b1a5c3a1d0c0ac02"
        },
        "userId": {
            "$oid": "64b0f1d0b1a5c3a1d0c0aa02"
        },
        "gameId": {
            "$oid": "64b0f1d0b1a5c3a1d0c0ab01"
        },
        "color": "black",
        "capturedPieces": [],
        "clock": 620,
        "lastMoveAt": {
            "$date": "2024-05-05T18:12:30Z"
        }
    }
]